"gid";"the_geom";"incidenttyppe";"locationname";"locaccuraccy";"incidenttime";"description";"source";"sourcerate";"sourcerateinfo";"remarks";"noaffectedperson";"nopersonkilled";"nopersoninjured";"coordinate"
143;"0101000020E6100000AC26DE8134C45040E844573955FC3840";12;"Northern Karahi, Power House Roundabout";"Accurate";"2012-11-19 14:30:00";"Shooting";"";"F";6;"";1;1;0;"POINT(67.065704791016 24.985675414854)"
145;"0101000020E6100000C6EB42F371BF5040D8C93362FEED3840";14;"Mominabad";"Estimate";"2012-11-19 19:00:00";"Shooting";"";"F";1;"";1;1;0;"POINT(66.991329970696 24.929662835735)"
90;"0101000020E6100000A2E838CFC7C95040E2F94F5B47E13840";12;"Shah Faisal";"Estimate";"2012-11-14 00:00:00";"Shooting; 1x injured";"";"F";6;"";1;0;0;"POINT(67.15282040174 24.879995066667)"
91;"0101000020E6100000E6E8387707C450406757D418BFFE3840";12;"New Karachi";"Estimate";"2012-11-14 00:00:00";"Shooting; 1x killed";"";"B";1;"";1;0;0;"POINT(67.062955670906 24.995103408662)"
92;"0101000020E610000044F1428BEEC85040958BF2B68BD53840";14;"Korangi";"Estimate";"2012-11-14 00:00:00";"Shooting; 1x killed";"";"F";6;"";1;0;0;"POINT(67.139559569715 24.834163126197)"
94;"0101000020E6100000C5E8380B73C450403E2089AE5BFE3840";12;"New Karachi";"Estimate";"2012-11-14 00:00:00";"Shooting; 1x killed";"";"F";6;"";1;0;0;"POINT(67.069521718574 24.99358645294)"
95;"0101000020E6100000D7E8380B76C15040EF36896BB4ED3840";12;"Kati Pahari";"Estimate";"2012-11-14 00:00:00";"Shooting; 2x killed";"";"B";1;"";2;0;0;"POINT(67.022829824043 24.928534241676)"
97;"0101000020E610000029EF422B27C35040FB0D0FF498E43840";12;"PIB Colony";"Estimate";"2012-11-15 00:00:00";"Shooting; 3x killed";"";"F";6;"";3;0;0;"POINT(67.04926568543 24.892958882976)"
98;"0101000020E6100000F7E8387742C550408561163137E23840";14;"Bhahadur, Ghazi Salahuddin Road ";"Accurate";"2012-11-14 00:00:00";"Shooting; 1x killed";"";"C";1;"Poss sectarian killing; ASWJ member";1;0;0;"POINT(67.082181745125 24.883654659237)"
147;"0101000020E6100000EAE838733CC0504098977F0A93F53840";12;"Manghopir Colony";"Estimate";"2012-11-20 10:30:00";"Shooting";"";"F";6;"";1;0;1;"POINT(67.003689580513 24.959274917746)"
100;"0101000020E61000007CE938AB7EBE5040BC20E34824F13840";12;"Orangi Town";"Estimate";"2012-11-15 00:00:00";"Shooting; 1x injured";"";"F";6;"";1;0;0;"POINT(66.976481252268 24.941959910823)"
99;"0101000020E61000009C14576B9CD15040BCA4278014D43840";12;"Bhains Colony, Cattle Colony";"Estimate";"2012-11-15 16:45:00";"Shooting; 1x killed";"";"B";3;"";1;0;0;"POINT(67.275172076263 24.828437814406)"
107;"0101000020E61000001AE9383BEFBD50401E3C5FC93DF13840";3;"Orangi Town";"Estimate";"2012-11-15 19:00:00";"Human Remains Find";"";"F";6;"";1;1;0;"POINT(66.967726522042 24.94234903884)"
109;"0101000020E610000000E938BB2CC45040CE8EB85A34FF3840";12;"New Karachi";"Estimate";"2012-11-15 19:45:00";"Shooting";"";"F";6;"";1;1;0;"POINT(67.065230184151 24.99689261442)"
105;"0101000020E6100000B6EB4297CFBD504020E43C069DE83840";12;"Baldia Town, Saeedabad";"Estimate";"2012-11-15 16:30:00";"Shooting";"";"F";6;"";5;1;4;"POINT(66.965795340874 24.908646001688)"
117;"0101000020E6100000C081A1463AC6504001402A21DAF13840";12;"Al Noor";"Estimate";"2012-11-16 18:00:00";"Shooting";"";"F";6;"";3;0;3;"POINT(67.097306878778 24.944734642806)"
119;"0101000020E6100000B681A1D675BE50400441B85AC0EC3840";12;"Balsia Town No.9";"Estimate";"2012-11-16 17:45:00";"Shooting";"";"F";6;"";1;0;1;"POINT(66.975942285272 24.924810094818)"
115;"0101000020E6100000E21144121ABA433FB2AC3DACE34C2D3F";12;"Golimar";"Estimate";"2012-11-16 17:30:00";"Shooting";"";"F";1;"";2;1;2;"POINT(0.00060201905265039 0.00022354392251187)"
121;"0101000020E61000003AE9386BCAC1504043BA97B06BF13840";14;"Qasba Colony";"Estimate";"2012-11-16 20:00:00";"Shooting";"";"F";6;"MQM worker";1;0;1;"POINT(67.027979665353 24.943049466174)"
123;"0101000020E610000023E938BB32BE5040B3E86F1BACEB3840";12;"Baldia Town";"Estimate";"2012-11-16 22:25:00";"Shooting";"";"F";6;"";1;0;1;"POINT(66.971846395089 24.9205948971)"
125;"0101000020E610000013E9389B0DC75040187EE293CDF03840";12;"Gulshan-e-Iqbal";"Estimate";"2012-11-17 01:00:00";"Shooting";"";"F";6;"";1;0;1;"POINT(67.110205464913 24.940636866375)"
127;"0101000020E610000010E93853DCC75040E63CA39367EC3840";12;"Gulistan-e-Jauhar";"Estimate";"2012-11-17 15:45:00";"Shooting";"";"F";6;"";1;0;1;"POINT(67.122822576119 24.923455455163)"
129;"0101000020E61000002AE938D352C250408E30F4516FDF3840";12;"Purani Sabzi";"Estimate";"2012-11-17 17:15:00";"Shooting";"";"F";6;"";1;0;1;"POINT(67.036305242135 24.872792360417)"
131;"0101000020E6100000BFE8386B35C05040C4FB8EE772F43840";12;"Manghopir";"Estimate";"2012-11-17 18:30:00";"Shooting";"";"F";6;"";1;1;0;"POINT(67.00326042707 24.954878303917)"
133;"0101000020E610000018E9385B6DC550401551F99400F13840";12;"Sohrab Goth";"Estimate";"2012-11-18 13:45:00";"Shooting";"";"F";6;"";1;0;1;"POINT(67.084799581124 24.941415129536)"
137;"0101000020E61000006DB24C5AF1C75040682DF0A394EC3840";12;"Gulistan-e-Johar";"Estimate";"2012-11-18 19:30:00";"Shooting";"";"F";6;"";1;0;1;"POINT(67.124106001758 24.924143072259)"
135;"0101000020E6100000B0EF42B75BC650401C165E00BDF03840";4;"Abbas Town";"Estimate";"2012-11-18 21:00:00";"IED explosion";"";"A";1;"RCIED (using mobile phone) in motorcycle, approx 6kgs; 3 shops destroyed; 2x Rangers amongst injured";23;4;19;"POINT(67.099347892158 24.940383933039)"
139;"0101000020E610000065F212D253C85040FC9AABFD4ED43840";10;"Korangi";"Estimate";"2012-11-19 13:30:00";"Robbery";"";"F";6;"";1;0;1;"POINT(67.130116003516 24.829330305477)"
141;"0101000020E61000002EF212F278BF5040E4D0F71B47DE3840";12;"Lyari";"Estimate";"2012-11-19 14:00:00";"Shooting";"";"F";6;"";1;0;1;"POINT(66.991756933691 24.868272541048)"
149;"0101000020E610000037E938137AC4504062E6A5C97DE03840";12;"Shaheed e Millat Rd";"Estimate";"2012-11-20 11:00:00";"Shooting";"";"F";6;"";1;0;1;"POINT(67.069950872018 24.876919367793)"
150;"0101000020E6100000FEE8388F5AC25040FEFB4A1BAFE23840";12;"Patel Para";"Estimate";"2012-11-20 14:30:00";"Shooting";"";"F";6;"";1;0;1;"POINT(67.036777310921 24.88548441487)"
152;"0101000020E61000004BE9386B05C3504039CBEBBCFCD93840";6;"Jinnah Hospital";"Accurate";"2012-11-20 18:00:00";"Poss IED";"";"F";6;"";0;0;0;"POINT(67.047205739572 24.851512725417)"
154;"0101000020E61000002651BC6A1FC85040B885FA41FDD83840";12;"Korangi Industrial";"Estimate";"2012-11-20 20:30:00";"Shooting";"";"F";6;"Police officer";1;0;1;"POINT(67.126917537597 24.847614406264)"
156;"0101000020E61000002AE938D352C25040CDB485376ADF3840";12;"Numaish Chowrangi";"Accurate";"2012-11-21 01:00:00";"Shooting";"";"F";6;"";1;0;1;"POINT(67.036305242135 24.872714491027)"
157;"0101000020E610000023E838FFABC45040D18E137CA6E63840";2;"University Rd, Hasan Square";"Accurate";"2012-11-21 13:30:00";"Demonstration";"";"A";1;"Anti-Israel demonstration organised by JI";0;0;0;"POINT(67.072997861455 24.900977854514)"
158;"0101000020E610000053E938FBE3BD5040DDDBCF31B8F13840";4;"Orangi Town, No.5";"Estimate";"2012-11-21 18:30:00";"IED explosion 2x";"";"A";1;"1st IED poss SIED on motorcycle; 2nd detonation approx 60 min later poss RCIED";16;4;12;"POINT(66.967039876535 24.944216836211)"
160;"0101000020E61000006FE9386B0BBD50403D8B7014E7F03840";12;"Orangi Town";"Estimate";"2012-11-21 16:15:00";"Shooting";"";"F";6;"";1;1;0;"POINT(66.95382195051 24.94102599857)"
162;"0101000020E610000023F2129243BE5040FDD143BD28F43840";14;"Orangi Town, Benazir Colony";"Estimate";"2012-11-21 20:30:00";"Shooting";"";"F";6;"";1;1;0;"POINT(66.972874182226 24.953746632631)"
164;"0101000020E61000002AF21232CDC150401739C3A0BFF13840";5;"Qasba Colony";"Estimate";"2012-11-22 12:30:00";"IED find";"";"F";6;"RCIED approx 3-4 kgs, near Imambargah on procession route ";0;0;0;"POINT(67.028149145605 24.944330260908)"
165;"0101000020E610000059F2120ADFC850408D97227171E83840";12;"Gulistan-e-Johar, Pehlwan";"Estimate";"2012-11-22 16:15:00";"Shooting";"";"F";6;"";1;1;0;"POINT(67.138613241675 24.907980986543)"
167;"0101000020E610000083250832F0BD50409AE5C32D33EC3840";12;"Baldia Town";"Estimate";"2012-11-22 19:00:00";"Shooting";"";"F";6;"";2;0;2;"POINT(66.967785366016 24.922655926062)"
169;"0101000020E6100000792508C24FBF50407B7574FCE5F13840";12;"Orangi Town";"Estimate";"2012-11-22 20:00:00";"Shooting";"";"F";6;"Police officer";1;1;0;"POINT(66.989243038135 24.944915560181)"
171;"0101000020E61000008425082269BE5040C8E34DB18CE93840";14;"Saeedabad";"Estimate";"2012-11-22 23:00:00";"Shooting";"";"F";6;"";2;0;2;"POINT(66.975166805225 24.912303048626)"
173;"0101000020E610000019E938C390C150403E7856A21CF13840";6;"Qasba Colony";"Estimate";"2012-11-22 22:00:00";"Poss IED";"";"F";6;"Suspected motorbike near Imambargah - BDU deployed - all clear";0;0;0;"POINT(67.024460607125 24.941843172179)"
174;"0101000020E610000070E9385B5CC750401AC78AB3CEF43840";12;"Gulzar Hijri";"Estimate";"2012-11-23 12:00:00";"Shooting";"";"F";6;"";1;1;0;"POINT(67.115011983469 24.95627901209)"
175;"0101000020E610000026E9384FD0C850407C5739863B043940";12;"Gulshan-e-Maymar";"Estimate";"2012-11-23 17:00:00";"Shooting";"";"F";6;"";1;1;0;"POINT(67.13771420057 25.016533268928)"
176;"0101000020E610000076E93883C3BF50402DE6734911DD3840";12;"Lyari, Bghdadi";"Estimate";"2012-11-23 19:45:00";"Shooting";"";"F";6;"";2;2;0;"POINT(66.996308141306 24.863545027538)"
177;"0101000020E61000006CE93813D7C15040B8A215391DDE3840";6;"MA Jinnah Rd";"Estimate";"2012-11-24 11:00:00";"IED threat";"";"F";6;"BDU is checking containers used to block the road after a tip off";0;0;0;"POINT(67.02875214155 24.867633407385)"
178;"0101000020E610000073F212127BCA5040A5234E4E78F63840";4;"Saforah Goth";"Estimate";"2012-11-25 00:45:00";"IED explosion";"";"F";1;"A second 0.5kgs IED was found at the same loc 30 min later; loc is on a Muh procession rte";0;0;0;"POINT(67.163761633399 24.962773222043)"
180;"0101000020E610000043E938EB75C350409630D1C874FC3840";12;"New Karachi";"Estimate";"2012-11-25 22:30:00";"Shooting";"";"F";6;"";1;0;1;"POINT(67.05407219465 24.986156989166)"
183;"0101000020E610000042E938FB48C250408B26046558F53840";12;"Manghopir";"Estimate";"2012-11-26 14:15:00";"Shooting";"";"F";6;"";1;0;1;"POINT(67.035704427316 24.958380044473)"
185;"0101000020E6100000DDE8383301C3504046E1A73A20E23840";12;"Jamshed Rd";"Estimate";"2012-11-26 16:15:00";"Shooting";"";"F";6;"";1;1;0;"POINT(67.046948247505 24.883304277407)"
192;"0101000020E610000001F1144996C4504021AA7CEE6D003940";12;"New Karachi, sec. 5D";"Estimate";"2012-11-27 12:15:00";"Shooting";"";"F";6;"";1;0;1;"POINT(67.071672697497 25.001677422939)"
96;"0101000020E6100000CBEF4C0BD3BE5040A83376C1B9F23840";14;"Orangi Town, Bangla Bazar";"Estimate";"2012-11-14 00:00:00";"Shooting; 1x killed";"";"F";6;"";1;0;0;"POINT(66.981631112226 24.948146907194)"
193;"0101000020E61000002FF1143173C35040485A19C73DE93840";12;"Sharifabad";"Estimate";"2012-11-27 15:00:00";"Shooting";"";"F";6;"";1;0;1;"POINT(67.053905744983 24.91109890336)"
101;"0101000020E610000014E9381374CA5040B2AACEA223E13840";12;"Shah Faizal Colony";"Estimate";"2012-11-15 00:00:00";"Shooting; 1x killed";"";"F";6;"";1;0;0;"POINT(67.16333466108 24.879450011688)"
104;"0101000020E610000056E8385B38BE50404C548C74A4EB3840";12;"Baldia Town";"Estimate";"2012-11-15 16:00:00";"Shooting; 3x injured";"";"F";6;"";3;0;3;"POINT(66.97218971784 24.920478138218)"
106;"0101000020E6100000DAE842FBD5BC50402E88E865F5F13840";12;"Orangi Town";"Estimate";"2012-11-15 17:45:00";"Shooting";"";"F";6;"";1;1;0;"POINT(66.950560393659 24.94515072753)"
110;"0101000020E610000094E83853FBC650404F5E85B12AED3840";12;"Gulistan-e-Johar";"Estimate";"2012-11-16 04:00:00";"Shooting";"";"F";6;"";1;0;1;"POINT(67.109089665961 24.926432700215)"
112;"0101000020E610000072E838435EBF5040D4F73EEF10FA3840";12;"Ghaziapad";"Estimate";"2012-11-15 20:15:00";"Shooting";"";"F";6;"";1;1;0;"POINT(66.990128331732 24.976820900796)"
114;"0101000020E6100000EDE838CB48C55040D0EAAA9D50F03840";2;"Gulberg, Numais Chow";"Accurate";"2012-11-16 13:30:00";"Rally ";"";"A";1;"SSP/ASWJ rally";0;0;0;"POINT(67.082567983223 24.938730100849)"
116;"0101000020E61000009C81A156E3C150409B03885F68DC3840";12;"Garden";"Estimate";"2012-11-16 17:45:00";"Shooting";"";"F";6;"";1;1;0;"POINT(67.029500634881 24.860967608172)"
118;"0101000020E61000009781A1961BC25040A9CD0AEB52E93840";12;"Nazimabad, Goal Market";"Estimate";"2012-11-16 18:45:00";"Shooting";"";"F";6;"";1;0;1;"POINT(67.03293386242 24.91142148031)"
120;"0101000020E61000001AE9383B97CA5040983572881EE13840";12;"Shah Faisal Colony";"Estimate";"2012-11-16 19:45:00";"Shooting";"";"F";1;"";1;0;1;"POINT(67.165480428292 24.879372146495)"
122;"0101000020E61000000DE938FB1BC250408FB4BF2369F13840";12;"Kati Pahari";"Estimate";"2012-11-16 20:15:00";"Shooting";"";"F";6;"";1;1;0;"POINT(67.032957845284 24.943010553649)"
124;"0101000020E610000050E9382B51C65040F695BAD311EF3840";12;"Gulshan-e-Iqbal";"Estimate";"2012-11-16 23:45:00";"Shooting";"";"F";6;"";1;1;0;"POINT(67.098704152658 24.933865769437)"
126;"0101000020E610000041E9380BD0C15040630EF7033DDB3840";12;"Saddar Town, Zainab Market";"Estimate";"2012-11-17 02:00:00";"Shooting";"";"F";6;"";1;0;1;"POINT(67.028322988107 24.856399772469)"
128;"0101000020E610000002E9389BA2C850403CA3E7F28AEB3840";12;"Gulistan-e-Johar";"Estimate";"2012-11-17 17:00:00";"Shooting";"";"F";6;"";1;0;1;"POINT(67.134924703194 24.920088941147)"
130;"0101000020E6100000F8E8382B62C450406C6DB54600003940";10;"New Karachi";"Estimate";"2012-11-17 18:00:00";"Shooting";"";"F";6;"";1;0;1;"POINT(67.068491750313 25.000004214567)"
132;"0101000020E610000016E9387B8FBF5040058F83F909E73840";12;"SITE";"Estimate";"2012-11-18 13:00:00";"Shooting";"";"F";6;"";2;1;1;"POINT(66.993132405831 24.902495951289)"
136;"0101000020E610000041B24CDA2FBE5040BC1CFC251BEB3840";12;"Baldia Town";"Estimate";"2012-11-18 17:15:00";"Shooting";"";"F";6;"";1;0;1;"POINT(66.971670699023 24.918383001376)"
138;"0101000020E610000030B24CDA64C5504079C99E01CEF03840";12;"Sohrab Goth";"Estimate";"2012-11-19 07:00:00";"Shooting";"";"F";6;"";1;1;0;"POINT(67.084280562304 24.940643407122)"
140;"0101000020E61000001AF212223BBE5040D0E91BC092E53840";12;"Northern Bypass";"Estimate";"2012-11-19 13:30:00";"Shooting";"";"F";6;"";1;1;0;"POINT(66.972359198095 24.896770483794)"
142;"0101000020E61000006AF81C525FC45040DF9D1DF1CF0C3940";12;"Surjani Town";"Estimate";"2012-11-19 14:30:00";"Shooting";"";"F";6;"";1;1;0;"POINT(67.068317917148 25.050047940951)"
144;"0101000020E6100000D726DE89CBBB5040083615642FDE3840";12;"Mauripur Rd";"Estimate";"2012-11-19 14:00:00";"Shooting";"";"F";6;"Loc is on Mauripur Rd but unconfirmed";1;1;0;"POINT(66.934298006959 24.867910628489)"
146;"0101000020E6100000F0EB42931DBF5040FB24F7F7BFDA3840";12;"ICI Pul";"Estimate";"2012-11-20 09:30:00";"Shooting";"";"F";6;"";2;2;0;"POINT(66.986180129388 24.854491708601)"
148;"0101000020E6100000F1E838134AC750400DBFB295A5E73840";12;"Johar Mor";"Estimate";"2012-11-20 10:30:00";"Shooting";"";"F";6;"";1;0;1;"POINT(67.113896184517 24.904870372905)"
151;"0101000020E610000062E8383320C25040977B83575BE03840";10;"Soldier Bazar";"Estimate";"2012-11-20 16:30:00";"Robbery";"";"F";6;"";1;0;1;"POINT(67.033215337347 24.876393766022)"
153;"0101000020E610000023E938BB1EC35040003488D03AE83840";2;"Liaquatabad";"Estimate";"2012-11-20 18:00:00";"Religious procession";"";"F";6;"Roads blocked";0;0;0;"POINT(67.048750691964 24.907147439244)"
155;"0101000020E61000008351BC2A4ABF5040865A8E96E0E23840";10;"Shershah";"Estimate";"2012-11-20 21:30:00";"Robbery";"";"F";6;"";2;0;2;"POINT(66.988901790528 24.886239442591)"
159;"0101000020E610000012E938ABB0C85040A58D665680043940";12;"Gulshan-e-Maymar";"Estimate";"2012-11-21 16:15:00";"Shooting";"";"F";6;"";1;1;0;"POINT(67.135783010079 25.017583274877)"
161;"0101000020E610000045E938CB67C45040EBA515E20FF13840";12;"Sohrab Goth, Al Asif Sq";"Estimate";"2012-11-21 18:00:00";"Shooting";"";"F";6;"";1;1;0;"POINT(67.068835073068 24.941648607526)"
166;"0101000020E61000009FF21292F4C15040D556F16DA9CF3840";6;"Shah Ghazi Mazar";"Accurate";"2012-11-22 16:01:00";"IED threat";"";"A";6;"";0;0;0;"POINT(67.030552404884 24.811179038449)"
168;"0101000020E610000094250832FBC15040BD43162FBDF13840";12;"Kati Pahari";"Estimate";"2012-11-22 19:00:00";"Shooting";"";"F";6;"";1;0;1;"POINT(67.030956752735 24.944292967735)"
170;"0101000020E6100000B225088290BE5040892340B2ECEA3840";5;"Baldia Town";"Estimate";"2012-11-22 21:00:00";"IED find";"";"F";6;"Similar device as found earlier on the 22nd in Orangi Town";0;0;0;"POINT(66.977570064503 24.917674198779)"
172;"0101000020E610000013E9389BCDBB50404F1261FB0FF63840";10;"Yusuf Goth";"Estimate";"2012-11-23 01:00:00";"Robbery";"";"F";6;"";1;0;1;"POINT(66.934424214913 24.961181365203)"
182;"0101000020E6100000F4E8386BAEBF50407780FDA8BBD93840";4;"Lyari, Khadda Market, Kharadar";"Estimate";"2012-11-25 21:15:00";"IED explosion";"";"F";6;"Handgrenade";1;0;1;"POINT(66.995020680977 24.850519716158)"
181;"0101000020E6100000D1F3422F92CC50404CB6ED5DE6E33840";4;"Malir, Mohabbat Nagar";"Estimate";"2012-11-26 10:30:00";"IED explosion";"";"F";6;"An RCIED exploded hidden in a cement block ";4;1;4;"POINT(67.19642240084 24.890233870063)"
184;"0101000020E610000034E938BBC9CC5040172EC01842E73840";6;"Malir Town";"Estimate";"2012-11-26 12:15:00";"IED threat";"";"F";6;"BDU deployed; nothing found";0;0;0;"POINT(67.199812703683 24.903352305335)"
186;"0101000020E6100000BBE8385F2DC550408D412C5054D43840";6;"Qayyumabad, bus stop";"Estimate";"2012-11-26 16:30:00";"IED threat";"";"F";6;"";0;0;0;"POINT(67.080894284797 24.829411516957)"
188;"0101000020E6100000E5344332BCC15040D06CA4F051E53840";12;"Gulbahar";"Estimate";"2012-11-26 22:00:00";"Shooting";"";"F";6;"";2;1;1;"POINT(67.027111592895 24.895781555312)"
189;"0101000020E6100000D934431E37C45040D25784D6E8E63840";12;"Essa Nagri";"Estimate";"2012-11-27 01:00:00";"Shooting";"";"F";6;"";1;0;1;"POINT(67.065864148742 24.90199032527)"
190;"0101000020E610000029F114CD5EC35040532BB36758DF3840";12;"PECH, Al Falah Rd";"Estimate";"2012-11-26 23:00:00";"Shooting";"";"F";6;"";1;0;1;"POINT(67.0526612 24.872442704432)"
191;"0101000020E610000052F1143165C25040F112D6A229E03840";2;"MA Jinnah Rd between Guru Mandir and Numaish";"Estimate";"2012-11-27 08:30:00";"Demonstration";"";"F";6;"Demonstration against CNG shortage and loadshedding";0;0;0;"POINT(67.037426252796 24.875635316147)"
187;"0101000020E6100000DD384D0A12C15040BA1B22B342E23840";14;"Golimar";"Estimate";"2012-11-26 21:30:00";"Shooting";"";"F";6;"";1;0;1;"POINT(67.016726088917 24.883830257251)"
194;"0101000020E610000031F1149906C8504082FF988424E33840";2;"Sharah-e-Faisal";"Estimate";"2012-11-27 11:00:00";"Demonstration";"";"F";6;"CNG protest; road blocked";0;0;0;"POINT(67.125402708484 24.887275969842)"
195;"0101000020E610000070E938D352C250409431752E81DF3840";2;"Numaish Chowrangi";"Accurate";"2012-11-27 18:00:00";"Demonstration";"";"F";6;"";0;0;0;"POINT(67.036305242136 24.873064902889)"
196;"0101000020E610000071E938C333C45040ADD645D75DFC3840";12;"North Karachi, Powerhouse Chowrangi";"Estimate";"2012-11-27 18:00:00";"Shooting";"";"";6;"";1;1;0;"POINT(67.065659337595 24.985806898642)"
197;"0101000020E6100000CBE9382BAEC3504020448A4138F43840";12;"North Nazimabad, Sakhi Hasan Chowk";"Estimate";"2012-11-27 19:00:00";"Shooting";"";"F";6;"";1;0;1;"POINT(67.057505422191 24.953983398682)"
198;"0101000020E61000008BE9385301C1504087FB794EF7DB3840";12;"Jamia Cloth Market";"Estimate";"2012-11-27 21:00:00";"Shooting";"";"F";6;"";1;1;0;"POINT(67.015705876902 24.859242348462)"
199;"0101000020E61000000ADBC0BD53C450401D7543EB05E73840";12;"Essa Nagri";"Estimate";"2012-11-27 23:00:00";"Shooting";"Chippa";"F";6;"";1;1;0;"POINT(67.067611158691 24.902434066743)"
200;"0101000020E610000049DBC02D6DC25040412B2FB79AF63840";12;"Manghopir";"Estimate";"2012-11-28 00:00:00";"Shooting";"";"F";6;"";2;2;0;"POINT(67.037913740479 24.963298272148)"
201;"0101000020E61000001DDBC0AD9FC450406D19BAB144FF3840";12;"New Karachi";"Estimate";"2012-11-28 01:00:00";"Shooting";"";"F";6;"Police officer";1;1;0;"POINT(67.072246015869 24.997141941008)"
203;"0101000020E610000011E938F7B8BF5040302FC01842E73840";12;"SITE";"Estimate";"2012-11-28 10:45:00";"Shooting";"";"F";6;"";1;1;0;"POINT(66.995664411141 24.903352305336)"
204;"0101000020E610000011E938F7C8CD5040C9157671E5DB3840";12;"Quaidabad";"Estimate";"2012-11-28 10:15:00";"Shooting";"";"F";6;"";1;1;0;"POINT(67.215390973641 24.858969775514)"
202;"0101000020E610000047EB42ABF7BD5040DD4674A8AEEB3840";10;"Baldia Town";"Estimate";"2012-11-28 07:45:00";"Robbery";"";"F";1;"";5;0;5;"POINT(66.968241515494 24.92063381995)"
205;"0101000020E6100000DBE8388F98C05040816D7273C9EF3840";12;"Orangi Town, Ali Garh Market";"Estimate";"2012-11-28 15:30:00";"Shooting";"Chhipa";"F";6;"";4;1;3;"POINT(67.009311490608 24.936667647778)"
206;"0101000020E610000031E938272CC2504045D3D053D9E93840";12;"Nazimabad";"Estimate";"2012-11-28 19:00:00";"Shooting";"";"F";6;"";1;1;0;"POINT(67.033944898202 24.913472403033)"
207;"0101000020E610000031E938AF95C150402D479A6A90E53840";12;"Gulbahar";"Estimate";"2012-11-28 20:00:00";"Shooting";"";"F";6;"";1;1;0;"POINT(67.024761014535 24.896734869638)"
208;"0101000020E61000000AE938DFECC1504069119BA094E63840";9;"Rizvia";"Estimate";"2012-11-28 20:00:00";"Riot";"";"F";6;"";0;0;0;"POINT(67.03008251722 24.900705373629)"
209;"0101000020E610000036E9385F2AC850404C9C5E3D67EB3840";12;"Gulistan-e-Johar";"Estimate";"2012-11-28 20:00:00";"Shooting";"";"F";6;"";1;1;0;"POINT(67.12758617933 24.919544063185)"
210;"0101000020E61000002BE938FFECBF50400F3228C7DFED3840";12;"SITE, Frontier Morr";"Estimate";"2012-11-28 21:00:00";"Shooting";"";"F";6;"";2;0;2;"POINT(66.998840146615 24.929195830644)"
211;"0101000020E610000051E938DFBCC450402D25684545D73840";12;"Akhtar Colony";"Estimate";"2012-11-28 22:00:00";"Shooting";"";"F";6;"";2;0;2;"POINT(67.074027829721 24.840900743414)"
212;"0101000020E610000000E9386F14BF504010B897B06BF13840";12;"Orangi";"Estimate";"2012-11-28 23:00:00";"Shooting";"";"F";6;"";2;0;2;"POINT(66.985622220589 24.943049466172)"
213;"0101000020E610000093A8013ECABC5040D15AE05DA6F03840";12;"Baldia Town";"Estimate";"2012-11-29 10:15:00";"Shooting";"";"F";6;"";1;1;0;"POINT(66.949843885059 24.940038554453)"
214;"0101000020E61000008AA8010A53C250408D84AD7B77F13840";12;"Katti Pahari, Sh.e.Noor Jahan";"Estimate";"2012-11-29 12:00:00";"Shooting";"";"F";6;"Heavy firing reported";0;0;0;"POINT(67.036318303699 24.94322941767)"
216;"0101000020E6100000EAC0918D53CC5040C82DFC513DDB3840";14;"Landhi, Manshera Colony";"Estimate";"2012-11-29 13:00:00";"Shooting";"";"F";6;"";4;4;0;"POINT(67.192599670732 24.856404422824)"
217;"0101000020E610000067B587FD64C3504023EAA4CBEFD83840";12;"Hazara Colony";"Estimate";"2012-11-29 14:15:00";"Shooting";"";"F";6;"";1;0;1;"POINT(67.053038961914 24.847408988726)"
218;"0101000020E610000090B587ADCFC65040C82DC78826EF3840";12;"Gulshan-e-Iqbal";"Estimate";"2012-11-29 15:00:00";"Shooting";"";"F";6;"";2;2;0;"POINT(67.106425650147 24.934181736591)"
219;"0101000020E610000091B587152BC7504024DC641E96ED3840";9;"University Rd";"Accurate";"2012-11-29 20:00:00";"Riot";"";"F";1;"";0;0;0;"POINT(67.112004644898 24.928071879982)"
220;"0101000020E610000047E938AB45CA50404BEBBD46BEF03840";9;"Safora Goth";"Estimate";"2012-11-29 22:00:00";"Riot";"";"F";6;"Bus set on fire";0;0;0;"POINT(67.160502248361 24.940403386466)"
221;"0101000020E6100000EAE83873DCC55040FBDD5278BAEC3840";9;"Gulshan Chowrangi";"Estimate";"2012-11-29 21:00:00";"Riot";"";"F";6;"Bus set on fire";0;0;0;"POINT(67.091580205513 24.924720306617)"
222;"0101000020E6100000F18A3155BEC6504058C9977C48EF3840";12;"Gulshan-e-Iqbal, Maskan Chowrangi";"Estimate";"2012-11-29 23:00:00";"Shooting";"";"F";6;"";1;0;1;"POINT(67.105366991407 24.934699809129)"
223;"0101000020E6100000358B31FDE9C55040520E182874EC3840";12;"Gulshan Chowrangi";"Estimate";"2012-11-29 23:00:00";"Shooting";"";"F";6;"";0;0;0;"POINT(67.092406557448 24.923647409318)"
224;"0101000020E6100000D623F2617FCF433F2C6C544AD7462D3F";9;"National Highway";"Estimate";"2012-11-29 21:00:00";"Riot";"";"F";6;"2x trucks on fire";0;0;0;"POINT(0.00060456962445798 0.00022336366706885)"
225;"0101000020E6100000101B8138C6D150403EA78F5B47D43840";12;"Bhains Colony";"Estimate";"2012-11-29 23:15:00";"Shooting";"";"F";6;"";1;0;1;"POINT(67.277723432617 24.829213831493)"
226;"0101000020E6100000298CE9D3D3BF5040E77D97109CF03840";4;"Orangi Town";"Estimate";"2012-11-29 20:00:00";"Handgrenade attack";"";"F";6;"";0;0;0;"POINT(66.997303941797 24.93988136004)"
227;"0101000020E6100000F48BE9D33EBE504073A6E83175EE3840";12;"Baldia Town";"Estimate";"2012-11-30 02:00:00";"Shooting";"";"F";6;"";1;1;0;"POINT(66.972584703515 24.931475753116)"
228;"0101000020E6100000C18BE9C3D6BD50402F2BD70AEBE83840";12;"Saeedabad, Mawach Goth";"Estimate";"2012-11-30 02:00:00";"Shooting";"";"F";6;"";1;1;0;"POINT(66.966233232567 24.909836461574)"
230;"0101000020E6100000E78BE9CF8CBF5040D925AFBFE1E73840";12;"SITE";"Estimate";"2012-11-30 08:00:00";"Shooting";"";"F";6;"";1;1;0;"POINT(66.992969492028 24.905788402806)"
231;"0101000020E6100000F88BE9DFE6BE5040EAE5C213A8E33840";9;"Shershah, National HW";"Estimate";"2012-11-30 07:30:00";"Riot";"";"F";1;"Roads blocked; shooting reported";0;0;0;"POINT(66.982841470788 24.889283404429)"
233;"0101000020E6100000A88BE9E790C15040F902CFEC13F13840";14;"Qasba Colony";"Estimate";"2012-11-30 09:30:00";"Shooting";"";"F";6;"MQM activist";1;0;1;"POINT(67.024469354698 24.941710281887)"
234;"0101000020E61000009694F3CBFEC95040A0795C24ECE13840";12;"Shah Faisal Colony";"Estimate";"2012-11-30 09:45:00";"Shooting";"";"F";6;"";2;1;1;"POINT(67.156176555511 24.882509491517)"
235;"0101000020E6100000DD8BE9AB34C350400EDCADB95ED93840";12;"Kala Pull";"Estimate";"2012-11-30 11:00:00";"Shooting";"";"F";6;"";1;0;1;"POINT(67.050089815209 24.849101643511)"
236;"0101000020E6100000F98BE993FAC95040EFA8CE6823E33840";12;"Star Gate";"Estimate";"2012-11-30 08:00:00";"Shooting";"";"F";1;"";1;1;0;"POINT(67.155919054101 24.887259054617)"
229;"0101000020E61000006791F3A3E1C350404B994D1697DF3840";14;"PECH, Tariq Rd";"Estimate";"2012-11-30 07:30:00";"Shooting";"";"F";6;"";2;1;1;"POINT(67.060646999225 24.873399156518)"
237;"0101000020E6100000078CE9C362C85040D223E8FB3EEC3840";12;"Gulistan-e-Johar";"Estimate";"2012-11-30 11:15:00";"Shooting";"";"F";6;"";1;1;0;"POINT(67.131028154443 24.922836059737)"
239;"0101000020E6100000B88CE9B3D9BB50408B31697D12F53840";12;"Yousuf Goth";"Estimate";"2012-11-30 13:30:00";"Shooting";"";"F";6;"";2;2;0;"POINT(66.935162523342 24.957313383276)"
238;"0101000020E6100000A290F35B67C2504051BBA42E9CF53840";14;"Manghopir";"Estimate";"2012-11-30 12:15:00";"Shooting";"";"F";6;"";1;1;0;"POINT(67.037558544022 24.959414401262)"
240;"0101000020E6100000D38CE92395CC5040720842B487E53840";12;"Malir";"Estimate";"2012-11-30 15:30:00";"Shooting";"";"F";1;"";3;0;3;"POINT(67.196602800442 24.896601930734)"
241;"0101000020E6100000E9E8380B89CC50409F69335662D93840";3;"Landhi";"Estimate";"2012-11-30 16:30:00";"Human remains find";"";"F";1;"";1;1;0;"POINT(67.195864492012 24.849156749298)"
242;"0101000020E610000027E938B7BBC050408DB7B26366DF3840";12;"Usmanabad";"Estimate";"2012-11-30 17:00:00";"Shooting";"";"B";1;"";1;0;1;"POINT(67.011457257821 24.872656088955)"
243;"0101000020E6100000C528755E9ECC5040DC3BAC3C00E53840";12;"Malir";"Estimate";"2012-11-30 18:00:00";"Shooting";"";"B";1;"";1;1;0;"POINT(67.197166075147 24.89453486638)"
244;"0101000020E6100000562875AE77C150404CFA887CB7D13840";12;"Clifton, Boat Basin";"Estimate";"2012-11-30 20:00:00";"Shooting";"";"F";1;"";1;0;1;"POINT(67.022929777538 24.819206031267)"
245;"0101000020E61000009128759A5AC550400A391D9023DE3840";13;"Baloch Colony";"Estimate";"2012-11-30 20:00:00";"Shooting";"";"F";1;"Attack on the police SSP";0;0;0;"POINT(67.083654989636 24.86773014749)"
246;"0101000020E6100000E9FCCF2BE1BE50403BD3C78362F23840";12;"Orangi Town";"Estimate";"2012-11-30 20:00:00";"Shooting";"";"F";6;"";1;1;0;"POINT(66.982493355859 24.946815716062)"
247;"0101000020E6100000C2FCCF5B70C350406A2CBFF149E93840";12;"Sharifabad";"Estimate";"2012-11-30 20:00:00";"Shooting";"";"F";6;"";1;0;1;"POINT(67.053732827294 24.911284550832)"
248;"0101000020E6100000B5FCCF1B19C45040BF9E13E8240C3940";12;"Surjani Town";"Estimate";"2012-11-30 20:15:00";"Shooting";"";"F";6;"";2;1;1;"POINT(67.064032509911 25.047438149252)"
249;"0101000020E6100000DBFCCFEB6DBD5040E2242445A1F33840";12;"Orangi";"Estimate";"2012-11-30 21:00:00";"Shooting";"";"F";6;"";1;1;0;"POINT(66.959834054101 24.951679536175)"
250;"0101000020E61000003DA801A63EC2504011E2DE09C3CC3840";12;"Clifton, Kh-e-Shamsheer";"Accurate";"2012-11-30 22:00:00";"Shooting";"";"F";1;"";1;0;1;"POINT(67.035073758715 24.799851052203)"
251;"0101000020E61000009AB39718ECC1504032338DAE72D83840";12;"Lines";"Estimate";"2012-12-01 00:30:00";"Shooting";"";"F";6;"";1;1;0;"POINT(67.030035160204 24.845499906037)"
252;"0101000020E6100000A9B3974884BD5040C82D2FE4B5F13840";12;"Orangi Town";"Estimate";"2012-12-01 12:15:00";"Shooting";"";"B";6;"";1;1;0;"POINT(66.961198948046 24.944181691664)"
253;"0101000020E61000009EB397E86ABE50407DB5C977E4EB3840";12;"Baldia Town";"Estimate";"2012-12-01 12:30:00";"Shooting";"";"B";6;"";2;0;2;"POINT(66.975275180956 24.921454893823)"
254;"0101000020E6100000DBB3976827BE50404C74284C30F23840";14;"Orangi Town";"Estimate";"2012-12-01 13:30:00";"Shooting";"";"F";6;"";1;1;0;"POINT(66.97115530791 24.946049461247)"
255;"0101000020E6100000BAB39748BFBE50401F424C717EEB3840";12;"Baldia Town";"Estimate";"2012-12-01 14:00:00";"Shooting";"";"F";6;"";1;0;1;"POINT(66.980425022265 24.919898110502)"
256;"0101000020E6100000BAB397485FC45040B9E697B074F53840";12;"Bufferzone";"Estimate";"2012-12-01 13:30:00";"Shooting";"";"F";6;"";1;0;1;"POINT(67.068315647265 24.958811795316)"
257;"0101000020E610000012E938ABD8BE504007F8C34936DD3840";12;"Machar Colony";"Estimate";"2012-12-01 22:30:00";"Shooting";"";"F";6;"";1;0;1;"POINT(66.981974416329 24.864109621376)"
258;"0101000020E61000005BE9380345BE5040A5C36E2362EB3840";12;"Baldia Town";"Estimate";"2012-12-02 01:00:00";"Shooting";"";"F";6;"";1;0;1;"POINT(66.97296219404 24.91946622328)"
259;"0101000020E61000002B5BB68E81B8433F07FA9BC59A682D3F";12;"Bahar";"Estimate";"2012-12-02 11:00:00";"Shooting";"";"F";6;"";1;0;1;"POINT(0.00060182882355062 0.00022436990075643)"
260;"0101000020E610000006E9385BEECB50404F1D432302D83840";12;"Landhi";"Estimate";"2012-12-02 17:00:00";"Shooting";"";"F";6;"";1;0;1;"POINT(67.18642311628 24.843782619367)"
261;"0101000020E610000072C948F01F4A373E403AA9E9C038213E";3;"Landhi";"Estimate";"2012-12-02 17:00:00";"Human remains find";"";"F";6;"";1;1;0;"POINT(5.4225208807091e-009 2.0048690045699e-009)"
262;"0101000020E61000002BE938870AC05040EB0EE0E00FDA3840";9;"Bolton Market";"Accurate";"2012-12-02 18:00:00";"Riot";"";"F";6;"";1;0;1;"POINT(67.000642591073 24.851804785444)"
263;"0101000020E61000003AE938E390BF504067219F71ABF13840";12;"Orangi Town";"Estimate";"2012-12-02 18:00:00";"Shooting";"";"F";6;"";1;0;1;"POINT(66.99321823652 24.944022275305)"
264;"0101000020E610000020E93863E2C05040CA6A43DF87E63840";12;"Pak Colony";"Estimate";"2012-12-02 18:30:00";"Shooting";"";"F";1;"Sustained fire fight";0;0;0;"POINT(67.013817601754 24.900510744056)"
265;"0101000020E6100000CAE838CB9ABE50406829F5D8E9D23840";12;"Jackson";"Estimate";"2012-12-02 19:30:00";"Shooting";"";"F";6;"";1;1;0;"POINT(66.978197866035 24.823880729536)"
266;"0101000020E61000000BE93893C0C15040DC75CC615DDC3840";12;"Garden";"Estimate";"2012-12-02 20:00:00";"Shooting";"";"F";6;"";1;1;0;"POINT(67.027378850533 24.860799896638)"
267;"0101000020E6100000E0E8388BADCD504054F9794EF7DB3840";4;"Quaidabad";"Estimate";"2012-12-02 20:30:00";"Hand grenade attack";"";"F";1;"";1;0;1;"POINT(67.213717275215 24.85924234846)"
268;"0101000020E610000036E938AB32BF5040CD5C7E00FFD13840";12;"Kiamari";"Estimate";"2012-12-02 21:00:00";"Shooting";"";"F";6;"";1;0;1;"POINT(66.987467580392 24.820297270632)"
269;"0101000020E61000000EE938EB10BF50408B18EF834BF03840";12;"Orangi Town";"Estimate";"2012-12-02 22:00:00";"Shooting";"";"F";6;"";1;0;1;"POINT(66.985407643868 24.938652273057)"
270;"0101000020E6100000F7E8383BB9C65040F94B935B82EC3840";12;"Kala Board";"Estimate";"2012-12-02 22:30:00";"Shooting";"";"F";6;"";1;0;1;"POINT(67.105055623604 24.923864100896)"
271;"0101000020E61000000BE93893F8C55040F7EFF20C30F23840";14;"Gulshan-e-Iqbal, AB Isphahani Rd";"Accurate";"2012-12-02 08:15:00";"Shooting";"";"B";1;"SSP/ASWJ mulvi";1;1;0;"POINT(67.093296819283 24.946045693694)"
272;"0101000020E610000011E938BB67C55040D7D4E96F45F13840";9;"Sohrab Goth, Faqzal Mill";"Estimate";"2012-12-03 09:00:00";"Riot";"";"F";1;"IRT ASWJ mulvi killed";0;0;0;"POINT(67.08445625837 24.942465777004)"
273;"0101000020E61000002DE938A3D9C5504074763492BFEC3840";9;"Gulshan Chowrangi";"Accurate";"2012-12-03 09:15:00";"Riot";"";"F";1;"IRT ASWJ mulvi killed";0;0;0;"POINT(67.091408544137 24.924798143204)"
274;"0101000020E610000050E938A333C65040505E8B8FF9EA3840";9;"Rashid Minhas Rd";"Estimate";"2012-12-03 09:00:00";"Riot";"";"F";1;"IRT ASWJ mulvi killed";0;0;0;"POINT(67.0969017082 24.91787049439)"
275;"0101000020E610000022E938CBF9C850403F0A710D17D43840";12;"Korangi, Bilal Colony";"Estimate";"2012-12-03 10:30:00";"Shooting";"";"F";6;"";1;1;0;"POINT(67.14024620588 24.828476753328)"
276;"0101000020E6100000A3E838BFBCC65040B5CB10FD65EF3840";9;"Maskan Chowrangi";"Accurate";"2012-12-03 11:00:00";"Riot";"";"F";6;"IRT ASWJ mulvi killed";0;0;0;"POINT(67.105270200324 24.935149971581)"
277;"0101000020E6100000CAE8380750CD50405D4313E14EDB3840";9;"Swedish Institute";"Accurate";"2012-12-03 11:00:00";"Riot";"";"F";6;"Student clash";0;0;0;"POINT(67.208009534431 24.856672351077)"
278;"0101000020E6100000C2E8383B08C350400BCA5728F3E03840";9;"Dawood College";"Accurate";"2012-12-03 11:00:00";"Riot";"";"B";6;"Student clash";0;0;0;"POINT(67.047377400947 24.878710290368)"
